id_x,class,ID_x,id_y,ID_y
0.0,Birds,0.0,,
1.0,"Ducks, Geese, and Swans",1.0,,
2.0,"Grouse, Quail, and Allies",2.0,,
3.0,Loons,3.0,,
4.0,Grebes,4.0,,
5.0,Storks,5.0,,
6.0,"Frigatebirds, Boobies, Cormorants, Darters, and Allies",6.0,,
7.0,"Pelicans, Herons, Ibises, and Allies",7.0,,
8.0,"Hawks, Kites, Eagles, and Allies",8.0,,
9.0,Caracaras and Falcons,9.0,,
10.0,Cranes and Rails,10.0,,
11.0,"Plovers, Sandpipers, and Allies",11.0,,
12.0,Skuas and Alcids,12.0,,
13.0,"Gulls, Terns, and Allies",13.0,,
14.0,Pigeons and Doves,14.0,,
15.0,Parrots,15.0,,
16.0,Cuckoos,16.0,,
17.0,Owls,17.0,,
18.0,Nightjars,18.0,,
19.0,Swifts and Hummingbirds,19.0,,
20.0,Kingfishers and Allies,20.0,,
21.0,Woodpeckers,21.0,,
22.0,Perching Birds,22.0,,
23.0,Black-bellied Plover,23.0,111.0,111.0
24.0,Black-bellied Whistling-Duck,24.0,,
610.0,Black-bellied Whistling-Duck,610.0,,
25.0,Tyrant Flycatchers,25.0,,
26.0,Semipalmated Plover,26.0,106.0,106.0
503.0,Semipalmated Plover,503.0,106.0,106.0
27.0,Greater White-fronted Goose,27.0,55.0,55.0
454.0,Greater White-fronted Goose,454.0,55.0,55.0
28.0,Black Vulture,28.0,101.0,101.0
489.0,Black Vulture,489.0,101.0,101.0
29.0,American White Pelican,29.0,315.0,315.0
478.0,American White Pelican,478.0,315.0,315.0
30.0,Killdeer,30.0,107.0,107.0
504.0,Killdeer,504.0,107.0,107.0
31.0,Red-headed Woodpecker,31.0,337.0,337.0
32.0,Shrikes,32.0,,
33.0,Snow Goose,33.0,59.0,59.0
34.0,Chimney Swift,34.0,67.0,67.0
546.0,Chimney Swift,546.0,67.0,67.0
35.0,American Oystercatcher,35.0,199.0,199.0
505.0,American Oystercatcher,505.0,199.0,199.0
36.0,Ross's Goose,36.0,60.0,60.0
612.0,Ross's Goose,612.0,60.0,60.0
37.0,Barn Owl,37.0,,
536.0,Barn Owl,536.0,,
38.0,Vireos,38.0,,
39.0,Black Oystercatcher,39.0,198.0,198.0
506.0,Black Oystercatcher,506.0,198.0,198.0
40.0,Turkey Vulture,40.0,100.0,100.0
490.0,Turkey Vulture,490.0,100.0,100.0
41.0,Brown Pelican,41.0,316.0,316.0
479.0,Brown Pelican,479.0,316.0,316.0
42.0,Brant,42.0,56.0,56.0
455.0,Brant,455.0,56.0,56.0
43.0,Scaled Quail,43.0,264.0,264.0
466.0,Scaled Quail,466.0,264.0,264.0
44.0,Northern Gannet,44.0,426.0,426.0
45.0,Rock Pigeon,45.0,114.0,114.0
525.0,Rock Pigeon,525.0,114.0,114.0
46.0,Black-necked Stilt,46.0,370.0,370.0
507.0,Black-necked Stilt,507.0,370.0,370.0
47.0,Acorn Woodpecker,47.0,338.0,338.0
550.0,Acorn Woodpecker,550.0,338.0,338.0
48.0,"Jays, Magpies, and Crows",48.0,,
49.0,Pied-billed Grebe,49.0,358.0,358.0
470.0,Pied-billed Grebe,470.0,358.0,358.0
50.0,American Avocet,50.0,371.0,371.0
508.0,American Avocet,508.0,371.0,371.0
51.0,Cackling Goose,51.0,58.0,58.0
456.0,Cackling Goose,456.0,58.0,58.0
52.0,Vaux's Swift,52.0,,
547.0,Vaux's Swift,547.0,,
53.0,Osprey,53.0,266.0,266.0
491.0,Osprey,491.0,266.0,266.0
54.0,Crested Caracara,54.0,173.0,173.0
498.0,Crested Caracara,498.0,173.0,173.0
55.0,Larks,55.0,,
56.0,Spotted Sandpiper,56.0,378.0,378.0
57.0,Canada Goose,57.0,57.0,57.0
457.0,Canada Goose,457.0,57.0,57.0
58.0,Great Blue Heron,58.0,70.0,70.0
480.0,Great Blue Heron,480.0,70.0,70.0
59.0,Solitary Sandpiper,59.0,406.0,406.0
509.0,Solitary Sandpiper,509.0,406.0,406.0
60.0,Mute Swan,60.0,63.0,63.0
458.0,Mute Swan,458.0,63.0,63.0
61.0,Purple Gallinule,61.0,365.0,365.0
62.0,Western Screech-Owl,62.0,419.0,419.0
537.0,Western Screech-Owl,537.0,419.0,419.0
63.0,Gila Woodpecker,63.0,340.0,340.0
551.0,Gila Woodpecker,551.0,340.0,340.0
64.0,Swallows,64.0,,
65.0,Greater Yellowlegs,65.0,404.0,404.0
510.0,Greater Yellowlegs,510.0,404.0,404.0
66.0,Swallow-tailed Kite,66.0,14.0,14.0
492.0,Swallow-tailed Kite,492.0,14.0,14.0
67.0,Trumpeter Swan,67.0,61.0,61.0
459.0,Trumpeter Swan,459.0,61.0,61.0
68.0,White-throated Swift,68.0,66.0,66.0
548.0,White-throated Swift,548.0,66.0,66.0
69.0,Chickadees and Titmice,69.0,,
70.0,Willet,70.0,405.0,405.0
511.0,Willet,511.0,405.0,405.0
71.0,Great Egret,71.0,69.0,69.0
481.0,Great Egret,481.0,69.0,69.0
72.0,Tundra Swan,72.0,62.0,62.0
460.0,Tundra Swan,460.0,62.0,62.0
73.0,California Quail,73.0,262.0,262.0
74.0,Red-throated Loon,74.0,196.0,196.0
75.0,Brandt's Cormorant,75.0,320.0,320.0
474.0,Brandt's Cormorant,474.0,320.0,320.0
76.0,Band-tailed Pigeon,76.0,117.0,117.0
526.0,Band-tailed Pigeon,526.0,117.0,117.0
77.0,Yellow-billed Cuckoo,77.0,136.0,136.0
533.0,Yellow-billed Cuckoo,533.0,136.0,136.0
78.0,Lesser Yellowlegs,78.0,402.0,402.0
512.0,Lesser Yellowlegs,512.0,402.0,402.0
79.0,Golden-fronted Woodpecker,79.0,335.0,335.0
552.0,Golden-fronted Woodpecker,552.0,335.0,335.0
80.0,Verdin,80.0,374.0,374.0
433.0,Verdin,433.0,374.0,374.0
821.0,Verdin,821.0,374.0,374.0
81.0,Wood Duck,81.0,,
82.0,Whimbrel,82.0,400.0,400.0
513.0,Whimbrel,513.0,400.0,400.0
83.0,White-tailed Kite,83.0,15.0,15.0
493.0,White-tailed Kite,493.0,15.0,15.0
84.0,Horned Grebe,84.0,355.0,355.0
85.0,Snowy Egret,85.0,75.0,75.0
482.0,Snowy Egret,482.0,75.0,75.0
86.0,Long-billed Curlew,86.0,399.0,399.0
514.0,Long-billed Curlew,514.0,399.0,399.0
87.0,Gadwall,87.0,35.0,35.0
88.0,Eastern Screech-Owl,88.0,418.0,418.0
538.0,Eastern Screech-Owl,538.0,418.0,418.0
89.0,Bushtits,89.0,,
90.0,Broad-billed Hummingbird,90.0,435.0,435.0
91.0,Marbled Godwit,91.0,398.0,398.0
515.0,Marbled Godwit,515.0,398.0,398.0
92.0,American Wigeon,92.0,27.0,27.0
93.0,Mississippi Kite,93.0,17.0,17.0
494.0,Mississippi Kite,494.0,17.0,17.0
94.0,American Kestrel,94.0,177.0,177.0
95.0,Red-bellied Woodpecker,95.0,336.0,336.0
553.0,Red-bellied Woodpecker,553.0,336.0,336.0
96.0,Nuthatches,96.0,,
97.0,Ruddy Turnstone,97.0,380.0,380.0
516.0,Ruddy Turnstone,516.0,380.0,380.0
98.0,American Black Duck,98.0,34.0,34.0
461.0,American Black Duck,461.0,34.0,34.0
99.0,Little Blue Heron,99.0,73.0,73.0
100.0,Black Turnstone,100.0,381.0,381.0
517.0,Black Turnstone,517.0,381.0,381.0
101.0,Creepers,101.0,,
102.0,Mallard,102.0,33.0,33.0
103.0,Gambel's Quail,103.0,263.0,263.0
104.0,Neotropic Cormorant,104.0,318.0,318.0
475.0,Neotropic Cormorant,475.0,318.0,318.0
105.0,Eurasian Collared-Dove,105.0,118.0,118.0
527.0,Eurasian Collared-Dove,527.0,118.0,118.0
106.0,Surfbird,106.0,379.0,379.0
518.0,Surfbird,518.0,379.0,379.0
107.0,Ruby-throated Hummingbird,107.0,432.0,432.0
108.0,Bald Eagle,108.0,16.0,16.0
109.0,Mottled Duck,109.0,31.0,31.0
462.0,Mottled Duck,462.0,31.0,31.0
110.0,Common Gallinule,110.0,364.0,364.0
111.0,Great Horned Owl,111.0,416.0,416.0
539.0,Great Horned Owl,539.0,416.0,416.0
112.0,Yellow-bellied Sapsucker,112.0,352.0,352.0
554.0,Yellow-bellied Sapsucker,554.0,352.0,352.0
113.0,Wrens,113.0,,
114.0,Sanderling,114.0,383.0,383.0
115.0,Tricolored Heron,115.0,76.0,76.0
483.0,Tricolored Heron,483.0,76.0,76.0
116.0,Blue-winged Teal,116.0,30.0,30.0
117.0,Semipalmated Sandpiper,117.0,394.0,394.0
519.0,Semipalmated Sandpiper,519.0,394.0,394.0
118.0,Red-necked Grebe,118.0,356.0,356.0
119.0,Gnatcatchers,119.0,,
120.0,Northern Harrier,120.0,13.0,13.0
121.0,Western Sandpiper,121.0,390.0,390.0
520.0,Western Sandpiper,520.0,390.0,390.0
122.0,Cinnamon Teal,122.0,29.0,29.0
123.0,Black-chinned Hummingbird,123.0,431.0,431.0
124.0,Red-naped Sapsucker,124.0,349.0,349.0
555.0,Red-naped Sapsucker,555.0,349.0,349.0
125.0,Dippers,125.0,,
126.0,Least Sandpiper,126.0,392.0,392.0
521.0,Least Sandpiper,521.0,392.0,392.0
127.0,Reddish Egret,127.0,74.0,74.0
128.0,Northern Shoveler,128.0,,
129.0,Dunlin,129.0,384.0,384.0
130.0,Northern Pintail,130.0,26.0,26.0
131.0,Northern Bobwhite,131.0,265.0,265.0
467.0,Northern Bobwhite,467.0,265.0,265.0
132.0,Pacific Loon,132.0,195.0,195.0
133.0,Wood Stork,133.0,112.0,112.0
473.0,Wood Stork,473.0,112.0,112.0
134.0,Double-crested Cormorant,134.0,317.0,317.0
135.0,Sharp-shinned Hawk,135.0,2.0,2.0
136.0,Merlin,136.0,174.0,174.0
499.0,Merlin,499.0,174.0,174.0
137.0,White-winged Dove,137.0,119.0,119.0
528.0,White-winged Dove,528.0,119.0,119.0
138.0,Monk Parakeet,138.0,361.0,361.0
532.0,Monk Parakeet,532.0,361.0,361.0
139.0,Black-billed Cuckoo,139.0,137.0,137.0
534.0,Black-billed Cuckoo,534.0,137.0,137.0
140.0,Snowy Owl,140.0,415.0,415.0
540.0,Snowy Owl,540.0,415.0,415.0
141.0,Common Nighthawk,141.0,86.0,86.0
545.0,Common Nighthawk,545.0,86.0,86.0
142.0,Belted Kingfisher,142.0,22.0,22.0
549.0,Belted Kingfisher,549.0,22.0,22.0
143.0,Kinglets,143.0,,
144.0,Black Guillemot,144.0,24.0,24.0
145.0,Black-legged Kittiwake,145.0,242.0,242.0
146.0,Short-billed Dowitcher,146.0,396.0,396.0
522.0,Short-billed Dowitcher,522.0,396.0,396.0
147.0,Green-winged Teal,147.0,28.0,28.0
148.0,Cattle Egret,148.0,72.0,72.0
484.0,Cattle Egret,484.0,72.0,72.0
149.0,Wilson's Snipe,149.0,395.0,395.0
523.0,Wilson's Snipe,523.0,395.0,395.0
150.0,Red-breasted Sapsucker,150.0,350.0,350.0
556.0,Red-breasted Sapsucker,556.0,350.0,350.0
151.0,Old World Warblers,151.0,,
152.0,Anna's Hummingbird,152.0,433.0,433.0
153.0,Canvasback,153.0,40.0,40.0
154.0,American Woodcock,154.0,401.0,401.0
524.0,American Woodcock,524.0,401.0,401.0
155.0,Cooper's Hawk,155.0,0.0,0.0
156.0,Thrushes,156.0,,
157.0,Eared Grebe,157.0,357.0,357.0
158.0,Wilson's Phalarope,158.0,377.0,377.0
159.0,Redhead,159.0,37.0,37.0
160.0,Green Heron,160.0,,
485.0,Green Heron,485.0,,
161.0,Ring-necked Duck,161.0,38.0,38.0
162.0,American Coot,162.0,363.0,363.0
501.0,American Coot,501.0,363.0,363.0
163.0,Northern Pygmy-Owl,163.0,,
541.0,Northern Pygmy-Owl,541.0,,
164.0,Ladder-backed Woodpecker,164.0,347.0,347.0
557.0,Ladder-backed Woodpecker,557.0,347.0,347.0
165.0,"Mockingbirds, Thrashers, and Allies",165.0,,
166.0,Harris's Hawk,166.0,18.0,18.0
495.0,Harris's Hawk,495.0,18.0,18.0
167.0,Costa's Hummingbird,167.0,434.0,434.0
168.0,Greater Scaup,168.0,39.0,39.0
169.0,Ring-necked Pheasant,169.0,322.0,322.0
170.0,Great Cormorant,170.0,319.0,319.0
171.0,Mourning Dove,171.0,120.0,120.0
529.0,Mourning Dove,529.0,120.0,120.0
172.0,Starlings and Allies,172.0,,
173.0,Black-crowned Night-Heron,173.0,79.0,79.0
174.0,Lesser Scaup,174.0,36.0,36.0
175.0,Red-shouldered Hawk,175.0,8.0,8.0
176.0,Peregrine Falcon,176.0,176.0,176.0
177.0,Nuttall's Woodpecker,177.0,345.0,345.0
558.0,Nuttall's Woodpecker,558.0,345.0,345.0
178.0,Wagtails and Pipits,178.0,,
179.0,Common Eider,179.0,54.0,54.0
180.0,Calliope Hummingbird,180.0,436.0,436.0
181.0,Harlequin Duck,181.0,46.0,46.0
182.0,Burrowing Owl,182.0,414.0,414.0
542.0,Burrowing Owl,542.0,414.0,414.0
183.0,Waxwings,183.0,,
184.0,Yellow-crowned Night-Heron,184.0,78.0,78.0
185.0,Western Grebe,185.0,354.0,354.0
471.0,Western Grebe,471.0,354.0,354.0
186.0,Broad-winged Hawk,186.0,9.0,9.0
187.0,Surf Scoter,187.0,50.0,50.0
188.0,Downy Woodpecker,188.0,346.0,346.0
559.0,Downy Woodpecker,559.0,346.0,346.0
189.0,Silky-Flycatchers,189.0,,
190.0,Pigeon Guillemot,190.0,23.0,23.0
191.0,Bonaparte's Gull,191.0,228.0,228.0
446.0,Bonaparte's Gull,446.0,228.0,228.0
192.0,White-winged Scoter,192.0,49.0,49.0
193.0,Ruffed Grouse,193.0,323.0,323.0
468.0,Ruffed Grouse,468.0,323.0,323.0
194.0,Common Loon,194.0,194.0,194.0
195.0,Pelagic Cormorant,195.0,,
476.0,Pelagic Cormorant,476.0,,
196.0,Inca Dove,196.0,115.0,115.0
530.0,Inca Dove,530.0,115.0,115.0
197.0,Greater Roadrunner,197.0,138.0,138.0
535.0,Greater Roadrunner,535.0,138.0,138.0
198.0,White Ibis,198.0,428.0,428.0
199.0,Longspurs and Snow Buntings,199.0,,
200.0,Broad-tailed Hummingbird,200.0,437.0,437.0
201.0,Black Scoter,201.0,48.0,48.0
202.0,Swainson's Hawk,202.0,11.0,11.0
203.0,Long-tailed Duck,203.0,45.0,45.0
204.0,Sandhill Crane,204.0,197.0,197.0
502.0,Sandhill Crane,502.0,197.0,197.0
205.0,Barred Owl,205.0,423.0,423.0
543.0,Barred Owl,543.0,423.0,423.0
206.0,Hairy Woodpecker,206.0,348.0,348.0
560.0,Hairy Woodpecker,560.0,348.0,348.0
207.0,Wood-Warblers,207.0,,
208.0,Glossy Ibis,208.0,430.0,430.0
486.0,Glossy Ibis,486.0,430.0,430.0
209.0,Bufflehead,209.0,41.0,41.0
210.0,Red-tailed Hawk,210.0,6.0,6.0
211.0,Prairie Falcon,211.0,175.0,175.0
500.0,Prairie Falcon,500.0,175.0,175.0
212.0,New World Sparrows and Allies,212.0,,
213.0,Rufous Hummingbird,213.0,438.0,438.0
214.0,Common Goldeneye,214.0,42.0,42.0
215.0,Clark's Grebe,215.0,353.0,353.0
472.0,Clark's Grebe,472.0,353.0,353.0
216.0,Northern Flicker,216.0,333.0,333.0
217.0,"Cardinals, Grosbeaks, and Allies",217.0,,
218.0,Laughing Gull,218.0,240.0,240.0
219.0,Barrow's Goldeneye,219.0,43.0,43.0
220.0,Wild Turkey,220.0,321.0,321.0
469.0,Wild Turkey,469.0,321.0,321.0
221.0,Anhinga,221.0,65.0,65.0
477.0,Anhinga,477.0,65.0,65.0
222.0,Common Ground-Dove,222.0,116.0,116.0
531.0,Common Ground-Dove,531.0,116.0,116.0
223.0,White-faced Ibis,223.0,429.0,429.0
487.0,White-faced Ibis,487.0,429.0,429.0
224.0,Rough-legged Hawk,224.0,7.0,7.0
225.0,Hooded Merganser,225.0,47.0,47.0
226.0,Northern Saw-whet Owl,226.0,411.0,411.0
544.0,Northern Saw-whet Owl,544.0,411.0,411.0
227.0,Blackbirds and Allies,227.0,,
228.0,Allen's Hummingbird,228.0,439.0,439.0
229.0,Common Merganser,229.0,51.0,51.0
230.0,Pileated Woodpecker,230.0,334.0,334.0
561.0,Pileated Woodpecker,561.0,334.0,334.0
231.0,Finches and Allies,231.0,,
232.0,Heermann's Gull,232.0,235.0,235.0
233.0,Roseate Spoonbill,233.0,,
488.0,Roseate Spoonbill,488.0,,
234.0,Golden Eagle,234.0,3.0,3.0
235.0,Red-breasted Merganser,235.0,52.0,52.0
236.0,Old World Sparrows,236.0,,
237.0,Mew Gull,237.0,231.0,231.0
447.0,Mew Gull,447.0,231.0,231.0
238.0,Ruddy Duck,238.0,53.0,53.0
239.0,Western Gull,239.0,238.0,238.0
240.0,Ring-billed Gull,240.0,232.0,232.0
241.0,California Gull,241.0,230.0,230.0
242.0,Herring Gull,242.0,229.0,229.0
243.0,Glaucous-winged Gull,243.0,233.0,233.0
244.0,Great Black-backed Gull,244.0,237.0,237.0
245.0,Caspian Tern,245.0,246.0,246.0
448.0,Caspian Tern,448.0,246.0,246.0
246.0,Black Tern,246.0,244.0,244.0
449.0,Black Tern,449.0,244.0,244.0
247.0,Common Tern,247.0,249.0,249.0
450.0,Common Tern,450.0,249.0,249.0
248.0,Forster's Tern,248.0,248.0,248.0
451.0,Forster's Tern,451.0,248.0,248.0
249.0,Royal Tern,249.0,252.0,252.0
452.0,Royal Tern,452.0,252.0,252.0
250.0,Black Skimmer,250.0,243.0,243.0
453.0,Black Skimmer,453.0,243.0,243.0
251.0,Ovenbird,251.0,291.0,291.0
860.0,Ovenbird,860.0,291.0,291.0
252.0,Green-tailed Towhee,252.0,159.0,159.0
887.0,Green-tailed Towhee,887.0,159.0,159.0
253.0,Louisiana Waterthrush,253.0,288.0,288.0
861.0,Louisiana Waterthrush,861.0,288.0,288.0
254.0,Bobolink,254.0,208.0,208.0
255.0,Gray-crowned Rosy-Finch,255.0,187.0,187.0
917.0,Gray-crowned Rosy-Finch,917.0,187.0,187.0
256.0,Western Wood-Pewee,256.0,463.0,463.0
923.0,Western Wood-Pewee,923.0,463.0,463.0
257.0,Gray Jay,257.0,132.0,132.0
948.0,Gray Jay,948.0,132.0,132.0
258.0,Spotted Towhee,258.0,161.0,161.0
888.0,Spotted Towhee,888.0,161.0,161.0
259.0,Summer Tanager,259.0,98.0,98.0
260.0,Northern Waterthrush,260.0,289.0,289.0
862.0,Northern Waterthrush,862.0,289.0,289.0
261.0,Carolina Chickadee,261.0,272.0,272.0
811.0,Carolina Chickadee,811.0,272.0,272.0
262.0,Eastern Bluebird,262.0,460.0,460.0
842.0,Eastern Bluebird,842.0,460.0,460.0
263.0,White-eyed Vireo,263.0,494.0,494.0
939.0,White-eyed Vireo,939.0,494.0,494.0
264.0,Purple Martin,264.0,203.0,203.0
265.0,Cactus Wren,265.0,440.0,440.0
828.0,Cactus Wren,828.0,440.0,440.0
266.0,Blue-winged Warbler,266.0,313.0,313.0
863.0,Blue-winged Warbler,863.0,313.0,313.0
267.0,Eastern Towhee,267.0,160.0,160.0
889.0,Eastern Towhee,889.0,160.0,160.0
268.0,Red-winged Blackbird,268.0,207.0,207.0
269.0,Black Rosy-Finch,269.0,185.0,185.0
918.0,Black Rosy-Finch,918.0,185.0,185.0
270.0,Eastern Wood-Pewee,270.0,464.0,464.0
924.0,Eastern Wood-Pewee,924.0,464.0,464.0
271.0,Steller's Jay,271.0,129.0,129.0
949.0,Steller's Jay,949.0,129.0,129.0
272.0,Black-and-white Warbler,272.0,282.0,282.0
864.0,Black-and-white Warbler,864.0,282.0,282.0
273.0,Rufous-crowned Sparrow,273.0,139.0,139.0
890.0,Rufous-crowned Sparrow,890.0,139.0,139.0
274.0,Scarlet Tanager,274.0,97.0,97.0
275.0,Gray Catbird,275.0,254.0,254.0
851.0,Gray Catbird,851.0,254.0,254.0
276.0,Prothonotary Warbler,276.0,290.0,290.0
865.0,Prothonotary Warbler,865.0,290.0,290.0
277.0,Eastern Meadowlark,277.0,223.0,223.0
909.0,Eastern Meadowlark,909.0,223.0,223.0
278.0,Black-capped Chickadee,278.0,271.0,271.0
812.0,Black-capped Chickadee,812.0,271.0,271.0
279.0,Western Bluebird,279.0,459.0,459.0
843.0,Western Bluebird,843.0,459.0,459.0
280.0,Brown-capped Rosy-Finch,280.0,186.0,186.0
919.0,Brown-capped Rosy-Finch,919.0,186.0,186.0
281.0,Least Flycatcher,281.0,469.0,469.0
925.0,Least Flycatcher,925.0,469.0,469.0
282.0,Canyon Towhee,282.0,156.0,156.0
891.0,Canyon Towhee,891.0,156.0,156.0
283.0,Tennessee Warbler,283.0,286.0,286.0
866.0,Tennessee Warbler,866.0,286.0,286.0
284.0,Red-breasted Nuthatch,284.0,407.0,407.0
823.0,Red-breasted Nuthatch,823.0,407.0,407.0
285.0,Bell's Vireo,285.0,490.0,490.0
940.0,Bell's Vireo,940.0,490.0,490.0
286.0,Blue Jay,286.0,128.0,128.0
950.0,Blue Jay,950.0,128.0,128.0
287.0,Tree Swallow,287.0,205.0,205.0
804.0,Tree Swallow,804.0,205.0,205.0
288.0,Canyon Wren,288.0,441.0,441.0
829.0,Canyon Wren,829.0,441.0,441.0
289.0,Orange-crowned Warbler,289.0,285.0,285.0
867.0,Orange-crowned Warbler,867.0,285.0,285.0
290.0,California Towhee,290.0,155.0,155.0
892.0,California Towhee,892.0,155.0,155.0
291.0,Western Tanager,291.0,96.0,96.0
292.0,Western Meadowlark,292.0,224.0,224.0
910.0,Western Meadowlark,910.0,224.0,224.0
293.0,Nashville Warbler,293.0,287.0,287.0
868.0,Nashville Warbler,868.0,287.0,287.0
294.0,Pine Grosbeak,294.0,190.0,190.0
295.0,Common Eider (Adult male),295.0,,
296.0,Long-tailed Duck (Winter male),296.0,,
297.0,Ruddy Duck (Breeding male),297.0,,
298.0,Swainson's Hawk (Dark morph ),298.0,,
299.0,Red-tailed Hawk (Light morph adult),299.0,,
300.0,Pacific-slope Flycatcher,300.0,466.0,466.0
926.0,Pacific-slope Flycatcher,926.0,466.0,466.0
301.0,Florida Scrub-Jay,301.0,122.0,122.0
951.0,Florida Scrub-Jay,951.0,122.0,122.0
302.0,Abert's Towhee,302.0,,
893.0,Abert's Towhee,893.0,,
303.0,Mountain Chickadee,303.0,273.0,273.0
813.0,Mountain Chickadee,813.0,273.0,273.0
304.0,Mountain Bluebird,304.0,458.0,458.0
844.0,Mountain Bluebird,844.0,458.0,458.0
305.0,MacGillivray's Warbler,305.0,,
869.0,MacGillivray's Warbler,869.0,,
306.0,Yellow-headed Blackbird,306.0,225.0,225.0
307.0,Yellow-throated Vireo,307.0,492.0,492.0
941.0,Yellow-throated Vireo,941.0,492.0,492.0
308.0,Mourning Warbler,308.0,278.0,278.0
870.0,Mourning Warbler,870.0,278.0,278.0
309.0,American Tree Sparrow,309.0,163.0,163.0
894.0,American Tree Sparrow,894.0,163.0,163.0
310.0,Northern Cardinal,310.0,87.0,87.0
311.0,Purple Finch,311.0,184.0,184.0
312.0,Cordilleran Flycatcher,312.0,471.0,471.0
927.0,Cordilleran Flycatcher,927.0,471.0,471.0
313.0,Snow Goose (White morph),313.0,,
314.0,Wood Duck (Breeding male),314.0,,
315.0,Gadwall (Breeding male),315.0,,
316.0,American Wigeon (Breeding male),316.0,,
317.0,Mallard (Breeding male),317.0,,
318.0,Blue-winged Teal  (Male),318.0,,
319.0,Cinnamon Teal (Male),319.0,,
320.0,Northern Shoveler (Breeding male),320.0,,
321.0,Northern Pintail (Breeding male),321.0,,
322.0,Green-winged Teal (Male),322.0,,
323.0,Canvasback (Breeding male),323.0,,
324.0,Redhead (Breeding male),324.0,,
325.0,Ring-necked Duck (Breeding male),325.0,,
326.0,Greater Scaup (Breeding male),326.0,,
327.0,Lesser Scaup (Breeding male),327.0,,
328.0,Harlequin Duck (Male),328.0,,
329.0,Surf Scoter (Male),329.0,,
330.0,White-winged Scoter (Male),330.0,,
331.0,Black Scoter (Male),331.0,,
332.0,Bufflehead (Breeding male),332.0,,
333.0,Common Goldeneye (Breeding male),333.0,,
334.0,Barrow's Goldeneye (Breeding male),334.0,,
335.0,Hooded Merganser (Breeding male),335.0,,
336.0,Common Merganser (Breeding male),336.0,,
337.0,Red-breasted Merganser (Breeding male),337.0,,
338.0,California Quail (Male),338.0,,
339.0,Gambel's Quail (Male),339.0,,
340.0,Ring-necked Pheasant (Male),340.0,,
341.0,Red-throated Loon (Breeding),341.0,,
342.0,Pacific Loon (Breeding),342.0,,
343.0,Common Loon (Breeding),343.0,,
344.0,Horned Grebe (Breeding),344.0,,
345.0,Red-necked Grebe (Breeding),345.0,,
346.0,Eared Grebe (Breeding),346.0,,
347.0,"Northern Gannet (Adult, Subadult)",347.0,,
348.0,Double-crested Cormorant (Immature),348.0,,
349.0,Great Cormorant (Adult),349.0,,
350.0,Little Blue Heron (Adult),350.0,,
351.0,Reddish Egret (Dark morph),351.0,,
352.0,Black-crowned Night-Heron (Adult),352.0,,
353.0,Yellow-crowned Night-Heron (Adult),353.0,,
354.0,White Ibis (Adult),354.0,,
355.0,"Bald Eagle (Adult, subadult)",355.0,,
356.0,Northern Harrier (Adult male),356.0,,
357.0,Sharp-shinned Hawk (Adult ),357.0,,
358.0,Cooper's Hawk (Adult),358.0,,
359.0,Red-shouldered Hawk (Adult ),359.0,,
360.0,Broad-winged Hawk (Adult),360.0,,
361.0,Rough-legged Hawk (Dark morph),361.0,,
362.0,Golden Eagle (Adult),362.0,,
363.0,American Kestrel (Adult male),363.0,,
364.0,Peregrine Falcon (Adult),364.0,,
365.0,Purple Gallinule (Adult),365.0,,
366.0,Common Gallinule (Adult),366.0,,
367.0,Black-bellied Plover (Breeding),367.0,,
368.0,Spotted Sandpiper (Breeding),368.0,,
369.0,Sanderling (Breeding),369.0,,
370.0,Dunlin (Breeding),370.0,,
371.0,Wilson's Phalarope (Breeding),371.0,,
372.0,Broad-billed Hummingbird (Adult Male),372.0,,
373.0,Ruby-throated Hummingbird (Adult Male),373.0,,
374.0,Black-chinned Hummingbird (Adult Male),374.0,,
375.0,Anna's Hummingbird (Adult Male),375.0,,
376.0,Costa's Hummingbird (Adult Male),376.0,,
377.0,Calliope Hummingbird (Adult Male),377.0,,
378.0,Broad-tailed Hummingbird (Adult Male),378.0,,
379.0,Rufous Hummingbird (Adult Male),379.0,,
380.0,Allen's Hummingbird (Adult Male),380.0,,
381.0,Red-headed Woodpecker (Adult),381.0,,
382.0,Northern Flicker (Yellow-shafted),382.0,,
383.0,Loggerhead Shrike,383.0,227.0,227.0
937.0,Loggerhead Shrike,937.0,227.0,227.0
384.0,Western Scrub-Jay,384.0,121.0,121.0
952.0,Western Scrub-Jay,952.0,121.0,121.0
385.0,Violet-green Swallow,385.0,206.0,206.0
805.0,Violet-green Swallow,805.0,206.0,206.0
386.0,Carolina Wren,386.0,446.0,446.0
830.0,Carolina Wren,830.0,446.0,446.0
387.0,Blue-gray Gnatcatcher,387.0,360.0,360.0
836.0,Blue-gray Gnatcatcher,836.0,360.0,360.0
388.0,Golden-crowned Kinglet,388.0,373.0,373.0
839.0,Golden-crowned Kinglet,839.0,373.0,373.0
389.0,Northern Mockingbird,389.0,255.0,255.0
852.0,Northern Mockingbird,852.0,255.0,255.0
390.0,Bohemian Waxwing,390.0,81.0,81.0
858.0,Bohemian Waxwing,858.0,81.0,81.0
391.0,Common Yellowthroat,391.0,279.0,279.0
392.0,Black Guillemot (Breeding),392.0,,
393.0,Pigeon Guillemot (Breeding),393.0,,
394.0,Black-legged Kittiwake (Adult),394.0,,
395.0,Laughing Gull (Breeding),395.0,,
396.0,Heermann's Gull (Adult),396.0,,
397.0,Ring-billed Gull (Adult),397.0,,
398.0,Western Gull (Adult),398.0,,
399.0,California Gull (Adult),399.0,,
400.0,Herring Gull (Adult),400.0,,
401.0,Glaucous-winged Gull (Adult),401.0,,
402.0,Great Black-backed Gull (Adult),402.0,,
403.0,Chipping Sparrow,403.0,167.0,167.0
404.0,Rusty Blackbird,404.0,209.0,209.0
911.0,Rusty Blackbird,911.0,209.0,209.0
405.0,Hooded Warbler,405.0,296.0,296.0
871.0,Hooded Warbler,871.0,296.0,296.0
406.0,Chestnut-backed Chickadee,406.0,275.0,275.0
814.0,Chestnut-backed Chickadee,814.0,275.0,275.0
407.0,Townsend's Solitaire,407.0,457.0,457.0
845.0,Townsend's Solitaire,845.0,457.0,457.0
408.0,Cassin's Finch,408.0,182.0,182.0
409.0,Black Phoebe,409.0,476.0,476.0
928.0,Black Phoebe,928.0,476.0,476.0
410.0,Clay-colored Sparrow,410.0,166.0,166.0
895.0,Clay-colored Sparrow,895.0,166.0,166.0
411.0,Pyrrhuloxia,411.0,88.0,88.0
907.0,Pyrrhuloxia,907.0,88.0,88.0
412.0,American Redstart,412.0,307.0,307.0
413.0,White-breasted Nuthatch,413.0,408.0,408.0
824.0,White-breasted Nuthatch,824.0,408.0,408.0
414.0,Plumbeous Vireo,414.0,498.0,498.0
942.0,Plumbeous Vireo,942.0,498.0,498.0
415.0,Mexican Jay,415.0,123.0,123.0
953.0,Mexican Jay,953.0,123.0,123.0
416.0,Brewer's Blackbird,416.0,210.0,210.0
417.0,Cape May Warbler,417.0,309.0,309.0
872.0,Cape May Warbler,872.0,309.0,309.0
418.0,Brewer's Sparrow,418.0,165.0,165.0
896.0,Brewer's Sparrow,896.0,165.0,165.0
419.0,House Finch,419.0,183.0,183.0
420.0,Eastern Phoebe,420.0,477.0,477.0
929.0,Eastern Phoebe,929.0,477.0,477.0
421.0,Northern Rough-winged Swallow,421.0,204.0,204.0
806.0,Northern Rough-winged Swallow,806.0,204.0,204.0
422.0,Bewick's Wren,422.0,445.0,445.0
831.0,Bewick's Wren,831.0,445.0,445.0
423.0,Northern Parula,423.0,292.0,292.0
873.0,Northern Parula,873.0,292.0,292.0
424.0,Boreal Chickadee,424.0,274.0,274.0
815.0,Boreal Chickadee,815.0,274.0,274.0
425.0,Veery,425.0,451.0,451.0
846.0,Veery,846.0,451.0,451.0
426.0,Field Sparrow,426.0,168.0,168.0
897.0,Field Sparrow,897.0,168.0,168.0
427.0,Rose-breasted Grosbeak,427.0,93.0,93.0
428.0,Clark's Nutcracker,428.0,131.0,131.0
954.0,Clark's Nutcracker,954.0,131.0,131.0
429.0,Common Grackle,429.0,222.0,222.0
912.0,Common Grackle,912.0,222.0,222.0
430.0,Magnolia Warbler,430.0,301.0,301.0
431.0,Vesper Sparrow,431.0,162.0,162.0
898.0,Vesper Sparrow,898.0,162.0,162.0
432.0,Horned Lark,432.0,21.0,21.0
803.0,Horned Lark,803.0,21.0,21.0
434.0,Bushtit,434.0,20.0,20.0
822.0,Bushtit,822.0,20.0,20.0
435.0,Brown Creeper,435.0,102.0,102.0
827.0,Brown Creeper,827.0,102.0,102.0
436.0,American Dipper,436.0,113.0,113.0
838.0,American Dipper,838.0,113.0,113.0
437.0,Wrentit,437.0,427.0,427.0
841.0,Wrentit,841.0,427.0,427.0
438.0,Brown Thrasher,438.0,260.0,260.0
853.0,Brown Thrasher,853.0,260.0,260.0
439.0,European Starling,439.0,425.0,425.0
440.0,American Pipit,440.0,261.0,261.0
857.0,American Pipit,857.0,261.0,261.0
441.0,Phainopepla,441.0,362.0,362.0
442.0,Snow Bunting,442.0,84.0,84.0
443.0,Bay-breasted Warbler,443.0,294.0,294.0
444.0,Red Crossbill,444.0,188.0,188.0
445.0,House Sparrow,445.0,314.0,314.0
463.0,Common Eider (Female/juvenile),463.0,,
464.0,Long-tailed Duck (Summer male),464.0,,
465.0,Ruddy Duck (Winter male),465.0,,
496.0,Swainson's Hawk (Light morph ),496.0,,
497.0,Red-tailed Hawk (Dark morph),497.0,,
562.0,Say's Phoebe,562.0,478.0,478.0
930.0,Say's Phoebe,930.0,478.0,478.0
563.0,Cassin's Vireo,563.0,491.0,491.0
943.0,Cassin's Vireo,943.0,491.0,491.0
564.0,Blackburnian Warbler,564.0,300.0,300.0
874.0,Blackburnian Warbler,874.0,300.0,300.0
565.0,Boat-tailed Grackle,565.0,220.0,220.0
913.0,Boat-tailed Grackle,913.0,220.0,220.0
566.0,Black-billed Magpie,566.0,133.0,133.0
955.0,Black-billed Magpie,955.0,133.0,133.0
567.0,Lark Sparrow,567.0,149.0,149.0
899.0,Lark Sparrow,899.0,149.0,149.0
568.0,Black-headed Grosbeak,568.0,94.0,94.0
569.0,Bridled Titmouse,569.0,270.0,270.0
816.0,Bridled Titmouse,816.0,270.0,270.0
570.0,Swainson's Thrush,570.0,454.0,454.0
847.0,Swainson's Thrush,847.0,454.0,454.0
571.0,Bank Swallow,571.0,,
807.0,Bank Swallow,807.0,,
572.0,House Wren,572.0,447.0,447.0
832.0,House Wren,832.0,447.0,447.0
573.0,Yellow Warbler,573.0,305.0,305.0
875.0,Yellow Warbler,875.0,305.0,305.0
574.0,White-winged Crossbill,574.0,189.0,189.0
575.0,Vermilion Flycatcher,575.0,475.0,475.0
576.0,Lark Bunting,576.0,148.0,148.0
577.0,Chestnut-sided Warbler,577.0,304.0,304.0
578.0,Great-tailed Grackle,578.0,221.0,221.0
914.0,Great-tailed Grackle,914.0,221.0,221.0
579.0,Pygmy Nuthatch,579.0,410.0,410.0
825.0,Pygmy Nuthatch,825.0,410.0,410.0
580.0,Blue-headed Vireo,580.0,499.0,499.0
944.0,Blue-headed Vireo,944.0,499.0,499.0
581.0,Yellow-billed Magpie,581.0,134.0,134.0
956.0,Yellow-billed Magpie,956.0,134.0,134.0
582.0,Blackpoll Warbler,582.0,308.0,308.0
583.0,Savannah Sparrow,583.0,,
900.0,Savannah Sparrow,900.0,,
584.0,Blue Grosbeak,584.0,90.0,90.0
585.0,Common Redpoll,585.0,179.0,179.0
920.0,Common Redpoll,920.0,179.0,179.0
586.0,Ash-throated Flycatcher,586.0,479.0,479.0
931.0,Ash-throated Flycatcher,931.0,479.0,479.0
587.0,Oak Titmouse,587.0,269.0,269.0
817.0,Oak Titmouse,817.0,269.0,269.0
588.0,Hermit Thrush,588.0,452.0,452.0
848.0,Hermit Thrush,848.0,452.0,452.0
589.0,Black-throated Blue Warbler,589.0,293.0,293.0
590.0,Bronzed Cowbird,590.0,218.0,218.0
915.0,Bronzed Cowbird,915.0,218.0,218.0
591.0,Fox Sparrow,591.0,157.0,157.0
592.0,Cliff Swallow,592.0,202.0,202.0
808.0,Cliff Swallow,808.0,202.0,202.0
593.0,Pacific Wren,593.0,449.0,449.0
833.0,Pacific Wren,833.0,449.0,449.0
594.0,Black-tailed Gnatcatcher,594.0,,
837.0,Black-tailed Gnatcatcher,837.0,,
595.0,Ruby-crowned Kinglet,595.0,372.0,372.0
840.0,Ruby-crowned Kinglet,840.0,372.0,372.0
596.0,Curve-billed Thrasher,596.0,257.0,257.0
854.0,Curve-billed Thrasher,854.0,257.0,257.0
597.0,Cedar Waxwing,597.0,80.0,80.0
859.0,Cedar Waxwing,859.0,80.0,80.0
598.0,Palm Warbler,598.0,303.0,303.0
876.0,Palm Warbler,876.0,303.0,303.0
599.0,"Black Guillemot (Nonbreeding, juvenile)",599.0,,
600.0,"Pigeon Guillemot (Nonbreeding, juvenile)",600.0,,
601.0,Black-legged Kittiwake (Immature),601.0,,
602.0,Laughing Gull (Nonbreeding/Immature),602.0,,
603.0,Heermann's Gull (Immature),603.0,,
604.0,Ring-billed Gull (Immature),604.0,,
605.0,Western Gull (Immature),605.0,,
606.0,California Gull (Immature),606.0,,
607.0,Herring Gull (Immature),607.0,,
608.0,Glaucous-winged Gull (Immature),608.0,,
609.0,Great Black-backed Gull (Immature),609.0,,
611.0,Snow Goose (Blue morph),611.0,,
613.0,Wood Duck (Female/Eclipse male),613.0,,
614.0,Gadwall (Female/Eclipse male),614.0,,
615.0,American Wigeon (Female/Eclipse male),615.0,,
616.0,Mallard (Female/Eclipse male),616.0,,
617.0,Blue-winged Teal  (Female/juvenile),617.0,,
618.0,Cinnamon Teal (Female/juvenile),618.0,,
619.0,Northern Shoveler (Female/Eclipse male),619.0,,
620.0,Northern Pintail (Female/Eclipse male),620.0,,
621.0,Green-winged Teal  (Female/juvenile),621.0,,
622.0,Canvasback (Female/Eclipse male),622.0,,
623.0,Redhead (Female/Eclipse male),623.0,,
624.0,Ring-necked Duck (Female/Eclipse male),624.0,,
625.0,Greater Scaup (Female/Eclipse male),625.0,,
626.0,Lesser Scaup (Female/Eclipse male),626.0,,
627.0,Harlequin Duck (Female/juvenile),627.0,,
628.0,Surf Scoter (Female/immature),628.0,,
629.0,White-winged Scoter (Female/juvenile),629.0,,
630.0,Black Scoter (Female/juvenile),630.0,,
631.0,Bufflehead (Female/immature male),631.0,,
632.0,Common Goldeneye (Female/Eclipse male),632.0,,
633.0,Barrow's Goldeneye (Female/Eclipse male),633.0,,
634.0,Hooded Merganser (Female/immature male),634.0,,
635.0,Common Merganser (Female/immature male),635.0,,
636.0,Red-breasted Merganser (Female/immature male),636.0,,
637.0,California Quail (Female/juvenile),637.0,,
638.0,Gambel's Quail (Female/juvenile),638.0,,
639.0,Ring-necked Pheasant (Female/juvenile),639.0,,
640.0,Red-throated Loon (Nonbreeding/juvenile),640.0,,
641.0,Pacific Loon (Nonbreeding/juvenile),641.0,,
642.0,Common Loon (Nonbreeding/juvenile),642.0,,
643.0,Horned Grebe (Nonbreeding/juvenile),643.0,,
644.0,Red-necked Grebe (Nonbreeding/juvenile),644.0,,
645.0,Eared Grebe (Nonbreeding/juvenile),645.0,,
646.0,Northern Gannet (Immature/Juvenile),646.0,,
647.0,Double-crested Cormorant (Adult),647.0,,
648.0,Great Cormorant (Immature),648.0,,
649.0,Little Blue Heron (Immature),649.0,,
650.0,Reddish Egret (White morph),650.0,,
651.0,Black-crowned Night-Heron (Immature),651.0,,
652.0,Yellow-crowned Night-Heron (Immature),652.0,,
653.0,White Ibis (Immature),653.0,,
654.0,"Bald Eagle (Immature, juvenile)",654.0,,
655.0,"Northern Harrier (Female, immature)",655.0,,
656.0,Sharp-shinned Hawk (Immature),656.0,,
657.0,Cooper's Hawk (Immature),657.0,,
658.0,Red-shouldered Hawk (Immature),658.0,,
659.0,Broad-winged Hawk (Immature),659.0,,
660.0,Rough-legged Hawk (Light morph),660.0,,
661.0,Golden Eagle (Immature),661.0,,
662.0,"American Kestrel (Female, immature)",662.0,,
663.0,Peregrine Falcon (Immature),663.0,,
664.0,Purple Gallinule (Immature),664.0,,
665.0,Common Gallinule (Immature),665.0,,
666.0,Black-bellied Plover (Nonbreeding/juvenile),666.0,,
667.0,Spotted Sandpiper (Nonbreeding/juvenile),667.0,,
668.0,Sanderling (Nonbreeding/juvenile),668.0,,
669.0,Dunlin (Nonbreeding/juvenile),669.0,,
670.0,"Wilson's Phalarope (Nonbreeding, juvenile)",670.0,,
671.0,"Broad-billed Hummingbird (Female, immature)",671.0,,
672.0,"Ruby-throated Hummingbird (Female, immature)",672.0,,
673.0,"Black-chinned Hummingbird (Female, immature)",673.0,,
674.0,"Anna's Hummingbird (Female, immature)",674.0,,
675.0,"Costa's Hummingbird (Female, immature)",675.0,,
676.0,"Calliope Hummingbird (Female, immature)",676.0,,
677.0,"Broad-tailed Hummingbird (Female, immature)",677.0,,
678.0,"Rufous Hummingbird (Female, immature)",678.0,,
679.0,"Allen's Hummingbird (Female, immature)",679.0,,
680.0,Red-headed Woodpecker (Immature),680.0,,
681.0,Northern Flicker (Red-shafted),681.0,,
682.0,Northern Shrike,682.0,226.0,226.0
938.0,Northern Shrike,938.0,226.0,226.0
683.0,American Crow,683.0,124.0,124.0
957.0,American Crow,957.0,124.0,124.0
684.0,Great Crested Flycatcher,684.0,480.0,480.0
932.0,Great Crested Flycatcher,932.0,480.0,480.0
685.0,Hoary Redpoll,685.0,180.0,180.0
921.0,Hoary Redpoll,921.0,180.0,180.0
686.0,Song Sparrow,686.0,154.0,154.0
902.0,Song Sparrow,902.0,154.0,154.0
687.0,Lazuli Bunting,687.0,89.0,89.0
688.0,Pine Warbler,688.0,306.0,306.0
877.0,Pine Warbler,877.0,306.0,306.0
689.0,Hutton's Vireo,689.0,495.0,495.0
945.0,Hutton's Vireo,945.0,495.0,495.0
690.0,Brown-headed Cowbird,690.0,219.0,219.0
691.0,Yellow-rumped Warbler,691.0,297.0,297.0
692.0,Juniper Titmouse,692.0,,
818.0,Juniper Titmouse,818.0,,
693.0,Wood Thrush,693.0,455.0,455.0
849.0,Wood Thrush,849.0,455.0,455.0
694.0,Lincoln's Sparrow,694.0,153.0,153.0
903.0,Lincoln's Sparrow,903.0,153.0,153.0
695.0,Northwestern Crow,695.0,,
799.0,Northwestern Crow,799.0,,
696.0,Common Eider (Immature/Eclipse male),696.0,,
697.0,Long-tailed Duck (Female/juvenile),697.0,,
698.0,Ruddy Duck (Female/juvenile),698.0,,
699.0,Swainson's Hawk (Immature),699.0,,
700.0,Red-tailed Hawk (Light morph immature),700.0,,
701.0,Cassin's Kingbird,701.0,489.0,489.0
933.0,Cassin's Kingbird,933.0,489.0,489.0
702.0,Yellow-throated Warbler,702.0,299.0,299.0
878.0,Yellow-throated Warbler,878.0,299.0,299.0
703.0,Pine Siskin,703.0,191.0,191.0
922.0,Pine Siskin,922.0,191.0,191.0
704.0,Orchard Oriole,704.0,217.0,217.0
705.0,Swamp Sparrow,705.0,152.0,152.0
904.0,Swamp Sparrow,904.0,152.0,152.0
706.0,Indigo Bunting,706.0,92.0,92.0
707.0,Cave Swallow,707.0,201.0,201.0
809.0,Cave Swallow,809.0,201.0,201.0
708.0,Winter Wren,708.0,448.0,448.0
834.0,Winter Wren,834.0,448.0,448.0
709.0,Prairie Warbler,709.0,298.0,298.0
879.0,Prairie Warbler,879.0,298.0,298.0
710.0,Fish Crow,710.0,127.0,127.0
800.0,Fish Crow,800.0,127.0,127.0
711.0,Brown-headed Nuthatch,711.0,409.0,409.0
826.0,Brown-headed Nuthatch,826.0,409.0,409.0
712.0,Warbling Vireo,712.0,493.0,493.0
946.0,Warbling Vireo,946.0,493.0,493.0
713.0,Black-throated Gray Warbler,713.0,302.0,302.0
880.0,Black-throated Gray Warbler,880.0,302.0,302.0
714.0,White-throated Sparrow,714.0,169.0,169.0
715.0,Lesser Goldfinch,715.0,192.0,192.0
716.0,Western Kingbird,716.0,488.0,488.0
934.0,Western Kingbird,934.0,488.0,488.0
717.0,Tufted Titmouse,717.0,268.0,268.0
819.0,Tufted Titmouse,819.0,268.0,268.0
718.0,American Robin,718.0,461.0,461.0
719.0,Hooded Oriole,719.0,212.0,212.0
720.0,California Thrasher,720.0,259.0,259.0
855.0,California Thrasher,855.0,259.0,259.0
721.0,Townsend's Warbler,721.0,310.0,310.0
881.0,Townsend's Warbler,881.0,310.0,310.0
722.0,Harris's Sparrow,722.0,172.0,172.0
723.0,Painted Bunting,723.0,91.0,91.0
724.0,Hermit Warbler,724.0,,
882.0,Hermit Warbler,882.0,,
725.0,Chihuahuan Raven,725.0,126.0,126.0
801.0,Chihuahuan Raven,801.0,126.0,126.0
726.0,American Goldfinch,726.0,193.0,193.0
727.0,Eastern Kingbird,727.0,487.0,487.0
935.0,Eastern Kingbird,935.0,487.0,487.0
728.0,Bullock's Oriole,728.0,211.0,211.0
729.0,White-crowned Sparrow,729.0,171.0,171.0
730.0,Barn Swallow,730.0,200.0,200.0
810.0,Barn Swallow,810.0,200.0,200.0
731.0,Marsh Wren,731.0,442.0,442.0
835.0,Marsh Wren,835.0,442.0,442.0
732.0,Black-throated Green Warbler,732.0,311.0,311.0
883.0,Black-throated Green Warbler,883.0,311.0,311.0
733.0,Red-eyed Vireo,733.0,496.0,496.0
947.0,Red-eyed Vireo,947.0,496.0,496.0
734.0,Black-crested Titmouse,734.0,267.0,267.0
820.0,Black-crested Titmouse,820.0,267.0,267.0
735.0,Varied Thrush,735.0,456.0,456.0
850.0,Varied Thrush,850.0,456.0,456.0
736.0,Canada Warbler,736.0,276.0,276.0
884.0,Canada Warbler,884.0,276.0,276.0
737.0,Golden-crowned Sparrow,737.0,170.0,170.0
738.0,Dickcissel,738.0,99.0,99.0
908.0,Dickcissel,908.0,99.0,99.0
739.0,Common Raven,739.0,125.0,125.0
802.0,Common Raven,802.0,125.0,125.0
740.0,Evening Grosbeak,740.0,181.0,181.0
741.0,Scissor-tailed Flycatcher,741.0,485.0,485.0
936.0,Scissor-tailed Flycatcher,936.0,485.0,485.0
742.0,Baltimore Oriole,742.0,213.0,213.0
743.0,Wilson's Warbler,743.0,277.0,277.0
885.0,Wilson's Warbler,885.0,277.0,277.0
744.0,Dark-eyed Junco,744.0,150.0,150.0
745.0,Yellow-breasted Chat,745.0,281.0,281.0
886.0,Yellow-breasted Chat,886.0,281.0,281.0
746.0,Dark-eyed Junco (Slate-colored),746.0,,
747.0,Yellow-rumped Warbler (Breeding Myrtle),747.0,,
748.0,European Starling (Breeding Adult),748.0,,
749.0,Fox Sparrow (Red),749.0,,
750.0,Summer Tanager (Adult Male),750.0,,
751.0,Orchard Oriole (Adult Male),751.0,,
752.0,Purple Martin (Adult male),752.0,,
753.0,American Robin (Adult),753.0,,
754.0,Phainopepla (Female/juvenile),754.0,,
755.0,Snow Bunting (Breeding adult),755.0,,
756.0,Common Yellowthroat (Adult Male),756.0,,
757.0,American Redstart (Adult Male),757.0,,
758.0,Magnolia Warbler (Breeding male),758.0,,
759.0,Bay-breasted Warbler (Breeding male),759.0,,
760.0,Chestnut-sided Warbler (Breeding male),760.0,,
761.0,Blackpoll Warbler (Breeding male),761.0,,
762.0,Black-throated Blue Warbler (Adult Male),762.0,,
763.0,Lark Bunting (Breeding male),763.0,,
764.0,White-throated Sparrow (White-striped),764.0,,
765.0,Harris's Sparrow (Adult),765.0,,
766.0,White-crowned Sparrow (Adult),766.0,,
767.0,Golden-crowned Sparrow (Adult),767.0,,
768.0,Dark-eyed Junco (Oregon),768.0,,
769.0,Chipping Sparrow (Breeding),769.0,,
770.0,Scarlet Tanager (Breeding Male),770.0,,
771.0,Western Tanager (Breeding Male),771.0,,
772.0,Northern Cardinal (Adult Male),772.0,,
773.0,Rose-breasted Grosbeak (Adult Male),773.0,,
774.0,Black-headed Grosbeak (Adult Male),774.0,,
775.0,Blue Grosbeak (Adult Male),775.0,,
776.0,Lazuli Bunting (Adult Male),776.0,,
777.0,Indigo Bunting (Adult Male),777.0,,
778.0,Painted Bunting (Adult Male),778.0,,
779.0,Bobolink (Breeding male),779.0,,
780.0,Red-winged Blackbird (Male),780.0,,
781.0,Yellow-headed Blackbird (Adult Male),781.0,,
782.0,Brewer's Blackbird (Female/Juvenile),782.0,,
783.0,Brown-headed Cowbird (Male),783.0,,
784.0,Hooded Oriole (Adult male),784.0,,
785.0,Bullock's Oriole (Adult male),785.0,,
786.0,Baltimore Oriole (Adult male),786.0,,
787.0,Pine Grosbeak (Adult Male),787.0,,
788.0,Purple Finch (Adult Male),788.0,,
789.0,Cassin's Finch (Adult Male),789.0,,
790.0,House Finch (Adult Male),790.0,,
791.0,Red Crossbill (Adult Male),791.0,,
792.0,White-winged Crossbill (Adult Male),792.0,,
793.0,Lesser Goldfinch (Adult Male),793.0,,
794.0,American Goldfinch (Breeding Male),794.0,,
795.0,Evening Grosbeak (Adult Male),795.0,,
796.0,House Sparrow (Male),796.0,,
797.0,Vermilion Flycatcher (Adult male),797.0,,
798.0,Yellow-rumped Warbler (Winter/juvenile Myrtle),798.0,,
856.0,European Starling (Nonbreeding Adult),856.0,,
901.0,Fox Sparrow (Sooty),901.0,,
905.0,Dark-eyed Junco (Pink-sided),905.0,,
906.0,Summer Tanager (Female),906.0,,
916.0,Orchard Oriole (Immature Male),916.0,,
958.0,Yellow-rumped Warbler (Breeding Audubon's),958.0,,
959.0,Purple Martin (Female/juvenile),959.0,,
960.0,American Robin (Juvenile),960.0,,
961.0,Phainopepla (Male),961.0,,
962.0,Snow Bunting (Nonbreeding),962.0,,
963.0,Common Yellowthroat (Female/immature male),963.0,,
964.0,American Redstart (Female/juvenile),964.0,,
965.0,Magnolia Warbler (Female/immature male),965.0,,
966.0,"Bay-breasted Warbler (Female, Nonbreeding male, Immature)",966.0,,
967.0,Chestnut-sided Warbler (Female/immature male),967.0,,
968.0,Blackpoll Warbler (Female/juvenile),968.0,,
969.0,Black-throated Blue Warbler (Female/Immature male),969.0,,
970.0,Lark Bunting (Female/Nonbreeding male),970.0,,
971.0,White-throated Sparrow (Tan-striped/immature),971.0,,
972.0,Harris's Sparrow (Immature),972.0,,
973.0,White-crowned Sparrow (Immature),973.0,,
974.0,Golden-crowned Sparrow (Immature),974.0,,
975.0,Dark-eyed Junco (White-winged),975.0,,
976.0,Chipping Sparrow (Immature/nonbreeding adult),976.0,,
977.0,Scarlet Tanager (Female/Nonbreeding Male),977.0,,
978.0,Western Tanager (Female/Nonbreeding Male),978.0,,
979.0,Northern Cardinal (Female/Juvenile),979.0,,
980.0,Rose-breasted Grosbeak (Female/immature male),980.0,,
981.0,Black-headed Grosbeak (Female/immature male),981.0,,
982.0,Blue Grosbeak (Female/juvenile),982.0,,
983.0,Lazuli Bunting (Female/juvenile),983.0,,
984.0,Indigo Bunting (Female/juvenile),984.0,,
985.0,Painted Bunting (Female/juvenile),985.0,,
986.0,Bobolink (Female/juvenile/nonbreeding male),986.0,,
987.0,Red-winged Blackbird (Female/juvenile),987.0,,
988.0,Yellow-headed Blackbird (Female/Immature Male),988.0,,
989.0,Brewer's Blackbird (Male),989.0,,
990.0,Brown-headed Cowbird (Female/Juvenile),990.0,,
991.0,Hooded Oriole (Female/Immature male),991.0,,
992.0,Bullock's Oriole (Female/Immature male),992.0,,
993.0,Baltimore Oriole (Female/Immature male),993.0,,
994.0,Pine Grosbeak (Female/juvenile),994.0,,
995.0,Purple Finch (Female/immature),995.0,,
996.0,Cassin's Finch (Female/immature),996.0,,
997.0,House Finch (Female/immature),997.0,,
998.0,Red Crossbill (Female/juvenile),998.0,,
999.0,White-winged Crossbill (Female/juvenile),999.0,,
1000.0,Lesser Goldfinch (Female/juvenile),1000.0,,
1001.0,American Goldfinch (Female/Nonbreeding Male),1001.0,,
1002.0,Evening Grosbeak (Female/Juvenile),1002.0,,
1003.0,House Sparrow (Female/Juvenile),1003.0,,
1004.0,"Vermilion Flycatcher (Female, immature)",1004.0,,
1005.0,European Starling (Juvenile),1005.0,,
1006.0,Fox Sparrow (Thick-billed/Slate-colored),1006.0,,
1007.0,Summer Tanager (Immature Male),1007.0,,
1008.0,Orchard Oriole (Female/Juvenile),1008.0,,
1009.0,Yellow-rumped Warbler (Winter/juvenile Audubon's),1009.0,,
1010.0,Dark-eyed Junco (Red-backed/Gray-headed),1010.0,,
,Northern Goshawk,,1.0,1.0
,White-tailed Hawk,,4.0,4.0
,Zone-tailed Hawk,,5.0,5.0
,Ferruginous Hawk,,10.0,10.0
,Common Black-Hawk,,12.0,12.0
,Snail Kite,,19.0,19.0
,Common Murre,,25.0,25.0
,Eurasian Wigeon,,32.0,32.0
,Muscovy Duck,,44.0,44.0
,Fulvous Whistling-Duck,,64.0,64.0
,Limpkin,,68.0,68.0
,American Bittern,,71.0,71.0
,Least Bittern,,77.0,77.0
,Lapland Longspur,,82.0,82.0
,Chestnut-collared Longspur,,83.0,83.0
,Lesser Nighthawk,,85.0,85.0
,Hepatic Tanager,,95.0,95.0
,Piping Plover,,103.0,103.0
,Mountain Plover,,104.0,104.0
,Snowy Plover,,105.0,105.0
,Wilson's Plover,,108.0,108.0
,American Golden-Plover,,109.0,109.0
,Pacific Golden-Plover,,110.0,110.0
,Green Jay,,130.0,130.0
,Groove-billed Ani,,135.0,135.0
,Saltmarsh Sparrow,,140.0,140.0
,Henslow's Sparrow,,141.0,141.0
,Le Conte's Sparrow,,142.0,142.0
,Seaside Sparrow,,143.0,143.0
,Nelson's Sparrow,,144.0,144.0
,Grasshopper Sparrow,,145.0,145.0
,Black-throated Sparrow,,146.0,146.0
,Olive Sparrow,,147.0,147.0
,Yellow-eyed Junco,,151.0,151.0
,Cassin's Sparrow,,158.0,158.0
,Black-chinned Sparrow,,164.0,164.0
,Magnificent Frigatebird,,178.0,178.0
,Audubon's Oriole,,214.0,214.0
,Altamira Oriole,,215.0,215.0
,Scott's Oriole,,216.0,216.0
,Iceland Gull,,234.0,234.0
,Glaucous Gull,,236.0,236.0
,Thayer's Gull,,239.0,239.0
,Franklin's Gull,,241.0,241.0
,Gull-billed Tern,,245.0,245.0
,Roseate Tern,,247.0,247.0
,Arctic Tern,,250.0,250.0
,Least Tern,,251.0,251.0
,Sandwich Tern,,253.0,253.0
,Sage Thrasher,,256.0,256.0
,Long-billed Thrasher,,258.0,258.0
,Worm-eating Warbler,,280.0,280.0
,Painted Redstart,,283.0,283.0
,Connecticut Warbler,,284.0,284.0
,Cerulean Warbler,,295.0,295.0
,Golden-winged Warbler,,312.0,312.0
,Greater Sage-Grouse,,324.0,324.0
,Sooty Grouse,,325.0,325.0
,Dusky Grouse,,326.0,326.0
,Spruce Grouse,,327.0,327.0
,Willow Ptarmigan,,328.0,328.0
,White-tailed Ptarmigan,,329.0,329.0
,Rock Ptarmigan,,330.0,330.0
,Greater Prairie-Chicken,,331.0,331.0
,Sharp-tailed Grouse,,332.0,332.0
,Lewis's Woodpecker,,339.0,339.0
,White-headed Woodpecker,,341.0,341.0
,Black-backed Woodpecker,,342.0,342.0
,Red-cockaded Woodpecker,,343.0,343.0
,American Three-toed Woodpecker,,344.0,344.0
,Williamson's Sapsucker,,351.0,351.0
,Least Grebe,,359.0,359.0
,Sora,,366.0,366.0
,King Rail,,367.0,367.0
,Virginia Rail,,368.0,368.0
,Clapper Rail,,369.0,369.0
,Red Phalarope,,375.0,375.0
,Red-necked Phalarope,,376.0,376.0
,Upland Sandpiper,,382.0,382.0
,Baird's Sandpiper,,385.0,385.0
,Red Knot,,386.0,386.0
,White-rumped Sandpiper,,387.0,387.0
,Stilt Sandpiper,,388.0,388.0
,Purple Sandpiper,,389.0,389.0
,Pectoral Sandpiper,,391.0,391.0
,Rock Sandpiper,,393.0,393.0
,Long-billed Dowitcher,,397.0,397.0
,Wandering Tattler,,403.0,403.0
,Short-eared Owl,,412.0,412.0
,Long-eared Owl,,413.0,413.0
,Ferruginous Pygmy-Owl,,417.0,417.0
,Elf Owl,,420.0,420.0
,Great Gray Owl,,421.0,421.0
,Spotted Owl,,422.0,422.0
,Northern Hawk Owl,,424.0,424.0
,Sedge Wren,,443.0,443.0
,Rock Wren,,444.0,444.0
,Elegant Trogon,,450.0,450.0
,Gray-cheeked Thrush,,453.0,453.0
,Olive-sided Flycatcher,,462.0,462.0
,Alder Flycatcher,,465.0,465.0
,Yellow-bellied Flycatcher,,467.0,467.0
,Hammond's Flycatcher,,468.0,468.0
,Dusky Flycatcher,,470.0,470.0
,Willow Flycatcher,,472.0,472.0
,Acadian Flycatcher,,473.0,473.0
,Gray Flycatcher,,474.0,474.0
,Brown-crested Flycatcher,,481.0,481.0
,Great Kiskadee,,482.0,482.0
,Couch's Kingbird,,483.0,483.0
,Gray Kingbird,,484.0,484.0
,Tropical Kingbird,,486.0,486.0
,Philadelphia Vireo,,497.0,497.0
